url,name,description,duration,test_type,remote_support,adaptive_support
https://www.shl.com/products/product-catalog/view/account-manager-solution/,Account Manager Solution,,0,,Unknown,Unknown
https://www.shl.com/products/product-catalog/view/accounts-payable-new/,Accounts Payable New,,0,,Unknown,Unknown
https://www.shl.com/products/product-catalog/view/accounts-payable-simulation-new/,Accounts Payable Simulation New,,0,,Unknown,Unknown
https://www.shl.com/products/product-catalog/view/accounts-receivable-new/,Accounts Receivable New,,0,,Unknown,Unknown
https://www.shl.com/products/product-catalog/view/accounts-receivable-simulation-new/,Accounts Receivable Simulation New,,0,,Unknown,Unknown
https://www.shl.com/products/product-catalog/view/administrative-professional-short-form/,Administrative Professional Short Form,,0,,Unknown,Unknown
https://www.shl.com/products/product-catalog/view/ado-net-new/,Ado Net New,,0,,Unknown,Unknown
https://www.shl.com/products/product-catalog/view/adobe-experience-manager-new/,Adobe Experience Manager New,,0,,Unknown,Unknown
https://www.shl.com/products/product-catalog/view/adobe-photoshop-cc/,Adobe Photoshop Cc,,0,,Unknown,Unknown
https://www.shl.com/products/product-catalog/view/aeronautical-engineering-new/,Aeronautical Engineering New,,0,,Unknown,Unknown
https://www.shl.com/products/product-catalog/view/aerospace-engineering-new/,Aerospace Engineering New,,0,,Unknown,Unknown
https://www.shl.com/products/product-catalog/view/agency-manager-solution/,Agency Manager Solution,,0,,Unknown,Unknown
https://www.shl.com/products/product-catalog/view/agile-software-development/,Agile Software Development,,0,,Unknown,Unknown
https://www.shl.com/products/product-catalog/view/agile-testing-new/,Agile Testing New,,0,,Unknown,Unknown
https://www.shl.com/products/product-catalog/view/ai-skills/,Ai Skills,,0,,Unknown,Unknown
https://www.shl.com/products/product-catalog/view/amazon-web-services-aws-development-new/,Amazon Web Services Aws Development New,,0,,Unknown,Unknown
https://www.shl.com/products/product-catalog/view/android-development-new/,Android Development New,,0,,Unknown,Unknown
https://www.shl.com/products/product-catalog/view/angular-6-new/,Angular 6 New,,0,,Unknown,Unknown
https://www.shl.com/products/product-catalog/view/angularjs-new/,Angularjs New,,0,,Unknown,Unknown
https://www.shl.com/products/product-catalog/view/apache-hadoop-extensions-new/,Apache Hadoop Extensions New,,0,,Unknown,Unknown
https://www.shl.com/products/product-catalog/view/apache-hadoop-new/,Apache Hadoop New,,0,,Unknown,Unknown
https://www.shl.com/products/product-catalog/view/apache-hbase-new/,Apache Hbase New,,0,,Unknown,Unknown
https://www.shl.com/products/product-catalog/view/apache-hive-new/,Apache Hive New,,0,,Unknown,Unknown
https://www.shl.com/products/product-catalog/view/apache-kafka-new/,Apache Kafka New,,0,,Unknown,Unknown
https://www.shl.com/products/product-catalog/view/apache-pig-new/,Apache Pig New,,0,,Unknown,Unknown
https://www.shl.com/products/product-catalog/view/apache-spark-new/,Apache Spark New,,0,,Unknown,Unknown
https://www.shl.com/products/product-catalog/view/apprentice-8-0-job-focused-assessment-4261/,Apprentice 8 0 Job Focused Assessment 4261,,0,,Unknown,Unknown
https://www.shl.com/products/product-catalog/view/apprentice-8-0-job-focused-assessment/,Apprentice 8 0 Job Focused Assessment,,0,,Unknown,Unknown
https://www.shl.com/products/product-catalog/view/asp-net-4-5/,Asp Net 4 5,,0,,Unknown,Unknown
https://www.shl.com/products/product-catalog/view/asp-net-with-c-new/,Asp Net With C New,,0,,Unknown,Unknown
https://www.shl.com/products/product-catalog/view/assessment-and-development-center-exercises/,Assessment And Development Center Exercises,,0,,Unknown,Unknown
https://www.shl.com/products/product-catalog/view/automata-data-science-new/,Automata Data Science New,,0,,Unknown,Unknown
https://www.shl.com/products/product-catalog/view/automata-data-science-pro-new/,Automata Data Science Pro New,,0,,Unknown,Unknown
https://www.shl.com/products/product-catalog/view/automata-fix-new/,Automata Fix New,,0,,Unknown,Unknown
https://www.shl.com/products/product-catalog/view/automata-front-end/,Automata Front End,,0,,Unknown,Unknown
https://www.shl.com/products/product-catalog/view/automata-new/,Automata New,,0,,Unknown,Unknown
https://www.shl.com/products/product-catalog/view/automata-pro-new/,Automata Pro New,,0,,Unknown,Unknown
https://www.shl.com/products/product-catalog/view/automata-selenium/,Automata Selenium,,0,,Unknown,Unknown
https://www.shl.com/products/product-catalog/view/automata-sql-new/,Automata Sql New,,0,,Unknown,Unknown
https://www.shl.com/products/product-catalog/view/automation-anywhere-rpa-development-new/,Automation Anywhere Rpa Development New,,0,,Unknown,Unknown
https://www.shl.com/products/product-catalog/view/automotive-engineering-new/,Automotive Engineering New,,0,,Unknown,Unknown
https://www.shl.com/products/product-catalog/view/bank-administrative-assistant-short-form/,Bank Administrative Assistant Short Form,,0,,Unknown,Unknown
https://www.shl.com/products/product-catalog/view/bank-collections-agent-short-form/,Bank Collections Agent Short Form,,0,,Unknown,Unknown
https://www.shl.com/products/product-catalog/view/bank-operations-supervisor-short-form/,Bank Operations Supervisor Short Form,,0,,Unknown,Unknown
https://www.shl.com/products/product-catalog/view/basic-biology-new/,Basic Biology New,,0,,Unknown,Unknown
https://www.shl.com/products/product-catalog/view/basic-computer-literacy-windows-10-new/,Basic Computer Literacy Windows 10 New,,0,,Unknown,Unknown
https://www.shl.com/products/product-catalog/view/basic-statistics-new/,Basic Statistics New,,0,,Unknown,Unknown
https://www.shl.com/products/product-catalog/view/bilingual-spanish-reservation-agent-solution/,Bilingual Spanish Reservation Agent Solution,,0,,Unknown,Unknown
https://www.shl.com/products/product-catalog/view/biochemistry-new/,Biochemistry New,,0,,Unknown,Unknown
https://www.shl.com/products/product-catalog/view/biotech-lab-techniques-new/,Biotech Lab Techniques New,,0,,Unknown,Unknown
https://www.shl.com/products/product-catalog/view/biztalk-new/,Biztalk New,,0,,Unknown,Unknown
https://www.shl.com/products/product-catalog/view/bookkeeping-accounting-auditing-clerk-short-form/,Bookkeeping Accounting Auditing Clerk Short Form,,0,,Unknown,Unknown
https://www.shl.com/products/product-catalog/view/branch-manager-short-form/,Branch Manager Short Form,,0,,Unknown,Unknown
https://www.shl.com/products/product-catalog/view/business-communication-adaptive/,Business Communication Adaptive,,0,,Unknown,Unknown
https://www.shl.com/products/product-catalog/view/business-communications/,Business Communications,,0,,Unknown,Unknown
https://www.shl.com/products/product-catalog/view/c-programming-new-4039/,C Programming New 4039,,0,,Unknown,Unknown
https://www.shl.com/products/product-catalog/view/c-programming-new-4122/,C Programming New 4122,,0,,Unknown,Unknown
https://www.shl.com/products/product-catalog/view/c-programming-new/,C Programming New,,0,,Unknown,Unknown
https://www.shl.com/products/product-catalog/view/cardiology-and-diabetes-management-new/,Cardiology And Diabetes Management New,,0,,Unknown,Unknown
https://www.shl.com/products/product-catalog/view/cashier-solution/,Cashier Solution,,0,,Unknown,Unknown
https://www.shl.com/products/product-catalog/view/ceramic-engineering-new/,Ceramic Engineering New,,0,,Unknown,Unknown
https://www.shl.com/products/product-catalog/view/chemical-engineering-new/,Chemical Engineering New,,0,,Unknown,Unknown
https://www.shl.com/products/product-catalog/view/cisco-appdynamics-new/,Cisco Appdynamics New,,0,,Unknown,Unknown
https://www.shl.com/products/product-catalog/view/civil-engineering-new/,Civil Engineering New,,0,,Unknown,Unknown
https://www.shl.com/products/product-catalog/view/cloud-computing-new/,Cloud Computing New,,0,,Unknown,Unknown
https://www.shl.com/products/product-catalog/view/cobol-programming-new/,Cobol Programming New,,0,,Unknown,Unknown
https://www.shl.com/products/product-catalog/view/computer-science-new/,Computer Science New,,0,,Unknown,Unknown
https://www.shl.com/products/product-catalog/view/contact-center-call-simulation-new/,Contact Center Call Simulation New,,0,,Unknown,Unknown
https://www.shl.com/products/product-catalog/view/conversational-multichat-simulation/,Conversational Multichat Simulation,,0,,Unknown,Unknown
https://www.shl.com/products/product-catalog/view/core-java-advanced-level-new/,Core Java Advanced Level New,,0,,Unknown,Unknown
https://www.shl.com/products/product-catalog/view/core-java-entry-level-new/,Core Java Entry Level New,,0,,Unknown,Unknown
https://www.shl.com/products/product-catalog/view/count-out-the-money/,Count Out The Money,,0,,Unknown,Unknown
https://www.shl.com/products/product-catalog/view/css3-new/,Css3 New,,0,,Unknown,Unknown
https://www.shl.com/products/product-catalog/view/culinary-skills-new/,Culinary Skills New,,0,,Unknown,Unknown
https://www.shl.com/products/product-catalog/view/customer-service-phone-simulation/,Customer Service Phone Simulation,,0,,Unknown,Unknown
https://www.shl.com/products/product-catalog/view/customer-service-phone-solution/,Customer Service Phone Solution,,0,,Unknown,Unknown
https://www.shl.com/products/product-catalog/view/cyber-risk-new/,Cyber Risk New,,0,,Unknown,Unknown
https://www.shl.com/products/product-catalog/view/data-entry-alphanumeric-split-screen-us/,Data Entry Alphanumeric Split Screen Us,,0,,Unknown,Unknown
https://www.shl.com/products/product-catalog/view/data-entry-new/,Data Entry New,,0,,Unknown,Unknown
https://www.shl.com/products/product-catalog/view/data-entry-numeric-split-screen-us/,Data Entry Numeric Split Screen Us,,0,,Unknown,Unknown
https://www.shl.com/products/product-catalog/view/data-entry-ten-key-split-screen/,Data Entry Ten Key Split Screen,,0,,Unknown,Unknown
https://www.shl.com/products/product-catalog/view/data-science-new/,Data Science New,,0,,Unknown,Unknown
https://www.shl.com/products/product-catalog/view/data-warehousing-concepts/,Data Warehousing Concepts,,0,,Unknown,Unknown
https://www.shl.com/products/product-catalog/view/dependability-and-safety-instrument-dsi/,Dependability And Safety Instrument Dsi,,0,,Unknown,Unknown
https://www.shl.com/products/product-catalog/view/dermatology-new/,Dermatology New,,0,,Unknown,Unknown
https://www.shl.com/products/product-catalog/view/desktop-support-new/,Desktop Support New,,0,,Unknown,Unknown
https://www.shl.com/products/product-catalog/view/digital-advertising-new/,Digital Advertising New,,0,,Unknown,Unknown
https://www.shl.com/products/product-catalog/view/digital-readiness-development-report-manager/,Digital Readiness Development Report Manager,,0,,Unknown,Unknown
https://www.shl.com/products/product-catalog/view/digital-readiness-development-report/,Digital Readiness Development Report,,0,,Unknown,Unknown
https://www.shl.com/products/product-catalog/view/docker-new/,Docker New,,0,,Unknown,Unknown
https://www.shl.com/products/product-catalog/view/dojo-new/,Dojo New,,0,,Unknown,Unknown
https://www.shl.com/products/product-catalog/view/drupal-new/,Drupal New,,0,,Unknown,Unknown
https://www.shl.com/products/product-catalog/view/dsi-v1-1-interpretation-report/,Dsi V1 1 Interpretation Report,,0,,Unknown,Unknown
https://www.shl.com/products/product-catalog/view/econometrics-new/,Econometrics New,,0,,Unknown,Unknown
https://www.shl.com/products/product-catalog/view/economics-new/,Economics New,,0,,Unknown,Unknown
https://www.shl.com/products/product-catalog/view/electrical-and-electronics-engineering-new/,Electrical And Electronics Engineering New,,0,,Unknown,Unknown
https://www.shl.com/products/product-catalog/view/electrical-engineering-new/,Electrical Engineering New,,0,,Unknown,Unknown
https://www.shl.com/products/product-catalog/view/electronics-and-embedded-systems-engineering-new/,Electronics And Embedded Systems Engineering New,,0,,Unknown,Unknown
https://www.shl.com/products/product-catalog/view/electronics-and-semiconductor-engineering-new/,Electronics And Semiconductor Engineering New,,0,,Unknown,Unknown
https://www.shl.com/products/product-catalog/view/electronics-and-telecommunications-engineering-new/,Electronics And Telecommunications Engineering New,,0,,Unknown,Unknown
https://www.shl.com/products/product-catalog/view/english-comprehension-new/,English Comprehension New,,0,,Unknown,Unknown
https://www.shl.com/products/product-catalog/view/enterprise-java-beans-new/,Enterprise Java Beans New,,0,,Unknown,Unknown
https://www.shl.com/products/product-catalog/view/enterprise-leadership-report-2-0/,Enterprise Leadership Report 2 0,,0,,Unknown,Unknown
https://www.shl.com/products/product-catalog/view/enterprise-leadership-report/,Enterprise Leadership Report,,0,,Unknown,Unknown
https://www.shl.com/products/product-catalog/view/entry-level-cashier-solution/,Entry Level Cashier Solution,,0,,Unknown,Unknown
https://www.shl.com/products/product-catalog/view/entry-level-customer-serv-retail-and-contact-center/,Entry Level Customer Serv Retail And Contact Center,,0,,Unknown,Unknown
https://www.shl.com/products/product-catalog/view/entry-level-customer-service-general-solution/,Entry Level Customer Service General Solution,,0,,Unknown,Unknown
https://www.shl.com/products/product-catalog/view/entry-level-hotel-front-desk-solution/,Entry Level Hotel Front Desk Solution,,0,,Unknown,Unknown
https://www.shl.com/products/product-catalog/view/entry-level-sales-solution/,Entry Level Sales Solution,,0,,Unknown,Unknown
https://www.shl.com/products/product-catalog/view/entry-level-technical-support-solution/,Entry Level Technical Support Solution,,0,,Unknown,Unknown
https://www.shl.com/products/product-catalog/view/essential-focus-8-0/,Essential Focus 8 0,,0,,Unknown,Unknown
https://www.shl.com/products/product-catalog/view/etl-testing-new/,Etl Testing New,,0,,Unknown,Unknown
https://www.shl.com/products/product-catalog/view/executive-scenarios-narrative-report/,Executive Scenarios Narrative Report,,0,,Unknown,Unknown
https://www.shl.com/products/product-catalog/view/executive-scenarios-profile-report/,Executive Scenarios Profile Report,,0,,Unknown,Unknown
https://www.shl.com/products/product-catalog/view/executive-scenarios/,Executive Scenarios,,0,,Unknown,Unknown
https://www.shl.com/products/product-catalog/view/expressjs-new/,Expressjs New,,0,,Unknown,Unknown
https://www.shl.com/products/product-catalog/view/filing-names-r1/,Filing Names R1,,0,,Unknown,Unknown
https://www.shl.com/products/product-catalog/view/filing-numbers/,Filing Numbers,,0,,Unknown,Unknown
https://www.shl.com/products/product-catalog/view/financial-accounting-new/,Financial Accounting New,,0,,Unknown,Unknown
https://www.shl.com/products/product-catalog/view/financial-and-banking-services-new/,Financial And Banking Services New,,0,,Unknown,Unknown
https://www.shl.com/products/product-catalog/view/fire-engineering-new/,Fire Engineering New,,0,,Unknown,Unknown
https://www.shl.com/products/product-catalog/view/following-instructions-v1-uk-r1/,Following Instructions V1 Uk R1,,0,,Unknown,Unknown
https://www.shl.com/products/product-catalog/view/following-instructions-v1-us-r2/,Following Instructions V1 Us R2,,0,,Unknown,Unknown
https://www.shl.com/products/product-catalog/view/food-and-beverage-services-new/,Food And Beverage Services New,,0,,Unknown,Unknown
https://www.shl.com/products/product-catalog/view/food-science-new/,Food Science New,,0,,Unknown,Unknown
https://www.shl.com/products/product-catalog/view/front-office-management-new/,Front Office Management New,,0,,Unknown,Unknown
https://www.shl.com/products/product-catalog/view/fundamentals-of-chemistry-new/,Fundamentals Of Chemistry New,,0,,Unknown,Unknown
https://www.shl.com/products/product-catalog/view/fundamentals-of-physics-new/,Fundamentals Of Physics New,,0,,Unknown,Unknown
https://www.shl.com/products/product-catalog/view/general-diseases-new/,General Diseases New,,0,,Unknown,Unknown
https://www.shl.com/products/product-catalog/view/geoinformatics-engineering-new/,Geoinformatics Engineering New,,0,,Unknown,Unknown
https://www.shl.com/products/product-catalog/view/geoscience-engineering-new/,Geoscience Engineering New,,0,,Unknown,Unknown
https://www.shl.com/products/product-catalog/view/git-new/,Git New,,0,,Unknown,Unknown
https://www.shl.com/products/product-catalog/view/global-skills-assessment/,Global Skills Assessment,,0,,Unknown,Unknown
https://www.shl.com/products/product-catalog/view/global-skills-development-report/,Global Skills Development Report,,0,,Unknown,Unknown
https://www.shl.com/products/product-catalog/view/graduate-scenarios-narrative-report/,Graduate Scenarios Narrative Report,,0,,Unknown,Unknown
https://www.shl.com/products/product-catalog/view/graduate-scenarios-profile-report/,Graduate Scenarios Profile Report,,0,,Unknown,Unknown
https://www.shl.com/products/product-catalog/view/graduate-scenarios/,Graduate Scenarios,,0,,Unknown,Unknown
https://www.shl.com/products/product-catalog/view/hibernate-new/,Hibernate New,,0,,Unknown,Unknown
https://www.shl.com/products/product-catalog/view/hipaa-security/,Hipaa Security,,0,,Unknown,Unknown
https://www.shl.com/products/product-catalog/view/hipo-assessment-report-1-0/,Hipo Assessment Report 1 0,,0,,Unknown,Unknown
https://www.shl.com/products/product-catalog/view/hipo-assessment-report-2-0/,Hipo Assessment Report 2 0,,0,,Unknown,Unknown
https://www.shl.com/products/product-catalog/view/hipo-unlocking-potential-report-2-0/,Hipo Unlocking Potential Report 2 0,,0,,Unknown,Unknown
https://www.shl.com/products/product-catalog/view/housekeeping-new/,Housekeeping New,,0,,Unknown,Unknown
https://www.shl.com/products/product-catalog/view/html5-new/,Html5 New,,0,,Unknown,Unknown
https://www.shl.com/products/product-catalog/view/htmlcss-new/,Htmlcss New,,0,,Unknown,Unknown
https://www.shl.com/products/product-catalog/view/human-resources-new/,Human Resources New,,0,,Unknown,Unknown
https://www.shl.com/products/product-catalog/view/ibm-datastage-new/,Ibm Datastage New,,0,,Unknown,Unknown
https://www.shl.com/products/product-catalog/view/ibm-sterling-order-management-system-new/,Ibm Sterling Order Management System New,,0,,Unknown,Unknown
https://www.shl.com/products/product-catalog/view/industrial-engineering-new/,Industrial Engineering New,,0,,Unknown,Unknown
https://www.shl.com/products/product-catalog/view/informatica-architecture-new/,Informatica Architecture New,,0,,Unknown,Unknown
https://www.shl.com/products/product-catalog/view/informatica-developer-new/,Informatica Developer New,,0,,Unknown,Unknown
https://www.shl.com/products/product-catalog/view/instrumentation-engineering-new/,Instrumentation Engineering New,,0,,Unknown,Unknown
https://www.shl.com/products/product-catalog/view/interpersonal-communications/,Interpersonal Communications,,0,,Unknown,Unknown
https://www.shl.com/products/product-catalog/view/interviewing-and-hiring-concepts-u-s/,Interviewing And Hiring Concepts U S,,0,,Unknown,Unknown
https://www.shl.com/products/product-catalog/view/ios-development-new/,Ios Development New,,0,,Unknown,Unknown
https://www.shl.com/products/product-catalog/view/itil-it-infrastructure-library-new/,Itil It Infrastructure Library New,,0,,Unknown,Unknown
https://www.shl.com/products/product-catalog/view/java-2-platform-enterprise-edition-1-4-fundamental/,Java 2 Platform Enterprise Edition 1 4 Fundamental,,0,,Unknown,Unknown
https://www.shl.com/products/product-catalog/view/java-8-new/,Java 8 New,,0,,Unknown,Unknown
https://www.shl.com/products/product-catalog/view/java-design-patterns-new/,Java Design Patterns New,,0,,Unknown,Unknown
https://www.shl.com/products/product-catalog/view/java-frameworks-new/,Java Frameworks New,,0,,Unknown,Unknown
https://www.shl.com/products/product-catalog/view/java-platform-enterprise-edition-7-java-ee-7/,Java Platform Enterprise Edition 7 Java Ee 7,,0,,Unknown,Unknown
https://www.shl.com/products/product-catalog/view/java-web-services-new/,Java Web Services New,,0,,Unknown,Unknown
https://www.shl.com/products/product-catalog/view/javascript-new/,Javascript New,,0,,Unknown,Unknown
https://www.shl.com/products/product-catalog/view/jenkins-new/,Jenkins New,,0,,Unknown,Unknown
https://www.shl.com/products/product-catalog/view/job-control-language-new/,Job Control Language New,,0,,Unknown,Unknown
https://www.shl.com/products/product-catalog/view/jquery-new/,Jquery New,,0,,Unknown,Unknown
https://www.shl.com/products/product-catalog/view/kubernetes-new/,Kubernetes New,,0,,Unknown,Unknown
https://www.shl.com/products/product-catalog/view/linux-administration-new/,Linux Administration New,,0,,Unknown,Unknown
https://www.shl.com/products/product-catalog/view/linux-operating-system/,Linux Operating System,,0,,Unknown,Unknown
https://www.shl.com/products/product-catalog/view/linux-programming-general/,Linux Programming General,,0,,Unknown,Unknown
https://www.shl.com/products/product-catalog/view/load-runner-new/,Load Runner New,,0,,Unknown,Unknown
https://www.shl.com/products/product-catalog/view/management-scenarios/,Management Scenarios,,0,,Unknown,Unknown
https://www.shl.com/products/product-catalog/view/managerial-scenarios-candidate-report/,Managerial Scenarios Candidate Report,,0,,Unknown,Unknown
https://www.shl.com/products/product-catalog/view/managerial-scenarios-narrative-report/,Managerial Scenarios Narrative Report,,0,,Unknown,Unknown
https://www.shl.com/products/product-catalog/view/managerial-scenarios-profile-report/,Managerial Scenarios Profile Report,,0,,Unknown,Unknown
https://www.shl.com/products/product-catalog/view/manual-testing-new/,Manual Testing New,,0,,Unknown,Unknown
https://www.shl.com/products/product-catalog/view/marketing-new/,Marketing New,,0,,Unknown,Unknown
https://www.shl.com/products/product-catalog/view/maven-new/,Maven New,,0,,Unknown,Unknown
https://www.shl.com/products/product-catalog/view/mechanical-and-vigilance-focus-8-0/,Mechanical And Vigilance Focus 8 0,,0,,Unknown,Unknown
https://www.shl.com/products/product-catalog/view/mechanical-engineering-new/,Mechanical Engineering New,,0,,Unknown,Unknown
https://www.shl.com/products/product-catalog/view/mechanical-focus-8-0/,Mechanical Focus 8 0,,0,,Unknown,Unknown
https://www.shl.com/products/product-catalog/view/mechatronics-engineering-new/,Mechatronics Engineering New,,0,,Unknown,Unknown
https://www.shl.com/products/product-catalog/view/medical-terminology-new/,Medical Terminology New,,0,,Unknown,Unknown
https://www.shl.com/products/product-catalog/view/metallurgical-engineering-new/,Metallurgical Engineering New,,0,,Unknown,Unknown
https://www.shl.com/products/product-catalog/view/mfs-360-enterprise-leadership-report/,Mfs 360 Enterprise Leadership Report,,0,,Unknown,Unknown
https://www.shl.com/products/product-catalog/view/mfs-360-ucf-group-report/,Mfs 360 Ucf Group Report,,0,,Unknown,Unknown
https://www.shl.com/products/product-catalog/view/mfs-360-ucf-performance-potential-dev-tips-report/,Mfs 360 Ucf Performance Potential Dev Tips Report,,0,,Unknown,Unknown
https://www.shl.com/products/product-catalog/view/mfs-360-ucf-standard-report/,Mfs 360 Ucf Standard Report,,0,,Unknown,Unknown
https://www.shl.com/products/product-catalog/view/micro-focus-unified-functional-testing-new/,Micro Focus Unified Functional Testing New,,0,,Unknown,Unknown
https://www.shl.com/products/product-catalog/view/microservices-new/,Microservices New,,0,,Unknown,Unknown
https://www.shl.com/products/product-catalog/view/microsoft-dynamics-development-new/,Microsoft Dynamics Development New,,0,,Unknown,Unknown
https://www.shl.com/products/product-catalog/view/microsoft-excel-365-essentials-new/,Microsoft Excel 365 Essentials New,,0,,Unknown,Unknown
https://www.shl.com/products/product-catalog/view/microsoft-excel-365-new/,Microsoft Excel 365 New,,0,,Unknown,Unknown
https://www.shl.com/products/product-catalog/view/microsoft-outlook-2013-adaptive/,Microsoft Outlook 2013 Adaptive,,0,,Unknown,Unknown
https://www.shl.com/products/product-catalog/view/microsoft-powerpoint-365-essentials-new/,Microsoft Powerpoint 365 Essentials New,,0,,Unknown,Unknown
https://www.shl.com/products/product-catalog/view/microsoft-sql-server-2014-programming/,Microsoft Sql Server 2014 Programming,,0,,Unknown,Unknown
https://www.shl.com/products/product-catalog/view/microsoft-windows-server-2012-administration/,Microsoft Windows Server 2012 Administration,,0,,Unknown,Unknown
https://www.shl.com/products/product-catalog/view/microsoft-word-365-essentials-new/,Microsoft Word 365 Essentials New,,0,,Unknown,Unknown
https://www.shl.com/products/product-catalog/view/microsoft-word-365-new/,Microsoft Word 365 New,,0,,Unknown,Unknown
https://www.shl.com/products/product-catalog/view/mineral-engineering-new/,Mineral Engineering New,,0,,Unknown,Unknown
https://www.shl.com/products/product-catalog/view/mining-engineering-new/,Mining Engineering New,,0,,Unknown,Unknown
https://www.shl.com/products/product-catalog/view/mobility-new/,Mobility New,,0,,Unknown,Unknown
https://www.shl.com/products/product-catalog/view/molecular-biology-new/,Molecular Biology New,,0,,Unknown,Unknown
https://www.shl.com/products/product-catalog/view/mongodb-new/,Mongodb New,,0,,Unknown,Unknown
https://www.shl.com/products/product-catalog/view/motivation-questionnaire-mqm5/,Motivation Questionnaire Mqm5,,0,,Unknown,Unknown
https://www.shl.com/products/product-catalog/view/mq-candidate-motivation-report/,Mq Candidate Motivation Report,,0,,Unknown,Unknown
https://www.shl.com/products/product-catalog/view/mq-employee-motivation-report/,Mq Employee Motivation Report,,0,,Unknown,Unknown
https://www.shl.com/products/product-catalog/view/mq-motivation-report-pack/,Mq Motivation Report Pack,,0,,Unknown,Unknown
https://www.shl.com/products/product-catalog/view/mq-profile/,Mq Profile,,0,,Unknown,Unknown
https://www.shl.com/products/product-catalog/view/ms-access-new/,Ms Access New,,0,,Unknown,Unknown
https://www.shl.com/products/product-catalog/view/ms-excel-new/,Ms Excel New,,0,,Unknown,Unknown
https://www.shl.com/products/product-catalog/view/ms-office-basic-computer-literacy-new/,Ms Office Basic Computer Literacy New,,0,,Unknown,Unknown
https://www.shl.com/products/product-catalog/view/ms-office-basic-computer-literacy-sim-new/,Ms Office Basic Computer Literacy Sim New,,0,,Unknown,Unknown
https://www.shl.com/products/product-catalog/view/ms-powerpoint-new/,Ms Powerpoint New,,0,,Unknown,Unknown
https://www.shl.com/products/product-catalog/view/ms-word-new/,Ms Word New,,0,,Unknown,Unknown
https://www.shl.com/products/product-catalog/view/mulesoft-development-new/,Mulesoft Development New,,0,,Unknown,Unknown
https://www.shl.com/products/product-catalog/view/multitasking-ability/,Multitasking Ability,,0,,Unknown,Unknown
https://www.shl.com/products/product-catalog/view/net-framework-4-5/,Net Framework 4 5,,0,,Unknown,Unknown
https://www.shl.com/products/product-catalog/view/net-mvc-new/,Net Mvc New,,0,,Unknown,Unknown
https://www.shl.com/products/product-catalog/view/net-mvvm-new/,Net Mvvm New,,0,,Unknown,Unknown
https://www.shl.com/products/product-catalog/view/net-wcf-new/,Net Wcf New,,0,,Unknown,Unknown
https://www.shl.com/products/product-catalog/view/net-wpf-new/,Net Wpf New,,0,,Unknown,Unknown
https://www.shl.com/products/product-catalog/view/net-xaml-new/,Net Xaml New,,0,,Unknown,Unknown
https://www.shl.com/products/product-catalog/view/networking-and-implementation-new/,Networking And Implementation New,,0,,Unknown,Unknown
https://www.shl.com/products/product-catalog/view/node-js-new/,Node Js New,,0,,Unknown,Unknown
https://www.shl.com/products/product-catalog/view/nursing-new/,Nursing New,,0,,Unknown,Unknown
https://www.shl.com/products/product-catalog/view/occupational-personality-questionnaire-opq32r/,Occupational Personality Questionnaire Opq32r,,0,,Unknown,Unknown
https://www.shl.com/products/product-catalog/view/operations-management-new/,Operations Management New,,0,,Unknown,Unknown
https://www.shl.com/products/product-catalog/view/opq-candidate-plus-report/,Opq Candidate Plus Report,,0,,Unknown,Unknown
https://www.shl.com/products/product-catalog/view/opq-candidate-report-2-0/,Opq Candidate Report 2 0,,0,,Unknown,Unknown
https://www.shl.com/products/product-catalog/view/opq-emotional-intelligence-report/,Opq Emotional Intelligence Report,,0,,Unknown,Unknown
https://www.shl.com/products/product-catalog/view/opq-leadership-report/,Opq Leadership Report,,0,,Unknown,Unknown
https://www.shl.com/products/product-catalog/view/opq-manager-plus-report-2-0/,Opq Manager Plus Report 2 0,,0,,Unknown,Unknown
https://www.shl.com/products/product-catalog/view/opq-manager-plus-report/,Opq Manager Plus Report,,0,,Unknown,Unknown
https://www.shl.com/products/product-catalog/view/opq-maximising-your-learning-report/,Opq Maximising Your Learning Report,,0,,Unknown,Unknown
https://www.shl.com/products/product-catalog/view/opq-mq-sales-report/,Opq Mq Sales Report,,0,,Unknown,Unknown
https://www.shl.com/products/product-catalog/view/opq-premium-plus-report-2-0/,Opq Premium Plus Report 2 0,,0,,Unknown,Unknown
https://www.shl.com/products/product-catalog/view/opq-premium-plus-report/,Opq Premium Plus Report,,0,,Unknown,Unknown
https://www.shl.com/products/product-catalog/view/opq-profile-report/,Opq Profile Report,,0,,Unknown,Unknown
https://www.shl.com/products/product-catalog/view/opq-team-impact-group-development-report/,Opq Team Impact Group Development Report,,0,,Unknown,Unknown
https://www.shl.com/products/product-catalog/view/opq-team-impact-individual-development-report/,Opq Team Impact Individual Development Report,,0,,Unknown,Unknown
https://www.shl.com/products/product-catalog/view/opq-team-impact-selection-report/,Opq Team Impact Selection Report,,0,,Unknown,Unknown
https://www.shl.com/products/product-catalog/view/opq-team-types-and-leadership-styles-profile/,Opq Team Types And Leadership Styles Profile,,0,,Unknown,Unknown
https://www.shl.com/products/product-catalog/view/opq-team-types-and-leadership-styles-report/,Opq Team Types And Leadership Styles Report,,0,,Unknown,Unknown
https://www.shl.com/products/product-catalog/view/opq-ucf-development-action-planner-report-2-0/,Opq Ucf Development Action Planner Report 2 0,,0,,Unknown,Unknown
https://www.shl.com/products/product-catalog/view/opq-ucf-development-action-planner-report/,Opq Ucf Development Action Planner Report,,0,,Unknown,Unknown
https://www.shl.com/products/product-catalog/view/opq-universal-competency-report-2-0/,Opq Universal Competency Report 2 0,,0,,Unknown,Unknown
https://www.shl.com/products/product-catalog/view/opq-universal-competency-report/,Opq Universal Competency Report,,0,,Unknown,Unknown
https://www.shl.com/products/product-catalog/view/opq-user-and-managers-report/,Opq User And Managers Report,,0,,Unknown,Unknown
https://www.shl.com/products/product-catalog/view/opq-user-report/,Opq User Report,,0,,Unknown,Unknown
https://www.shl.com/products/product-catalog/view/oracle-dba-advanced-level-new/,Oracle Dba Advanced Level New,,0,,Unknown,Unknown
https://www.shl.com/products/product-catalog/view/oracle-dba-entry-level-new/,Oracle Dba Entry Level New,,0,,Unknown,Unknown
https://www.shl.com/products/product-catalog/view/oracle-plsql-new/,Oracle Plsql New,,0,,Unknown,Unknown
https://www.shl.com/products/product-catalog/view/oracle-weblogic-server-new/,Oracle Weblogic Server New,,0,,Unknown,Unknown
https://www.shl.com/products/product-catalog/view/organic-chemistry-new/,Organic Chemistry New,,0,,Unknown,Unknown
https://www.shl.com/products/product-catalog/view/paint-technology-new/,Paint Technology New,,0,,Unknown,Unknown
https://www.shl.com/products/product-catalog/view/pediatrics-new/,Pediatrics New,,0,,Unknown,Unknown
https://www.shl.com/products/product-catalog/view/pega-development-new/,Pega Development New,,0,,Unknown,Unknown
https://www.shl.com/products/product-catalog/view/perl-new/,Perl New,,0,,Unknown,Unknown
https://www.shl.com/products/product-catalog/view/petrochemical-engineering-new/,Petrochemical Engineering New,,0,,Unknown,Unknown
https://www.shl.com/products/product-catalog/view/petroleum-engineering-new/,Petroleum Engineering New,,0,,Unknown,Unknown
https://www.shl.com/products/product-catalog/view/pharmaceutical-analysis-new/,Pharmaceutical Analysis New,,0,,Unknown,Unknown
https://www.shl.com/products/product-catalog/view/pharmaceutical-chemistry-new/,Pharmaceutical Chemistry New,,0,,Unknown,Unknown
https://www.shl.com/products/product-catalog/view/pharmaceutical-science-new/,Pharmaceutical Science New,,0,,Unknown,Unknown
https://www.shl.com/products/product-catalog/view/pharmaceutics-new/,Pharmaceutics New,,0,,Unknown,Unknown
https://www.shl.com/products/product-catalog/view/pharmacology-new/,Pharmacology New,,0,,Unknown,Unknown
https://www.shl.com/products/product-catalog/view/php-new/,Php New,,0,,Unknown,Unknown
https://www.shl.com/products/product-catalog/view/pjm-development-report/,Pjm Development Report,,0,,Unknown,Unknown
https://www.shl.com/products/product-catalog/view/pjm-selection-report/,Pjm Selection Report,,0,,Unknown,Unknown
https://www.shl.com/products/product-catalog/view/polymer-engineering-new/,Polymer Engineering New,,0,,Unknown,Unknown
https://www.shl.com/products/product-catalog/view/power-electronics-and-drives-new/,Power Electronics And Drives New,,0,,Unknown,Unknown
https://www.shl.com/products/product-catalog/view/power-system-engineering-new/,Power System Engineering New,,0,,Unknown,Unknown
https://www.shl.com/products/product-catalog/view/prism-new/,Prism New,,0,,Unknown,Unknown
https://www.shl.com/products/product-catalog/view/production-and-industrial-engineering-new/,Production And Industrial Engineering New,,0,,Unknown,Unknown
https://www.shl.com/products/product-catalog/view/production-engineering-new/,Production Engineering New,,0,,Unknown,Unknown
https://www.shl.com/products/product-catalog/view/programming-concepts/,Programming Concepts,,0,,Unknown,Unknown
https://www.shl.com/products/product-catalog/view/project-management-2013/,Project Management 2013,,0,,Unknown,Unknown
https://www.shl.com/products/product-catalog/view/proofreading-v1/,Proofreading V1,,0,,Unknown,Unknown
https://www.shl.com/products/product-catalog/view/python-new/,Python New,,0,,Unknown,Unknown
https://www.shl.com/products/product-catalog/view/r-programming-new/,R Programming New,,0,,Unknown,Unknown
https://www.shl.com/products/product-catalog/view/reactjs-new/,Reactjs New,,0,,Unknown,Unknown
https://www.shl.com/products/product-catalog/view/reading-comprehension-english-v1/,Reading Comprehension English V1,,0,,Unknown,Unknown
https://www.shl.com/products/product-catalog/view/reading-comprehension-spanish-v1/,Reading Comprehension Spanish V1,,0,,Unknown,Unknown
https://www.shl.com/products/product-catalog/view/reading-comprehension-v2/,Reading Comprehension V2,,0,,Unknown,Unknown
https://www.shl.com/products/product-catalog/view/remoteworkq-manager-report/,Remoteworkq Manager Report,,0,,Unknown,Unknown
https://www.shl.com/products/product-catalog/view/remoteworkq-participant-report/,Remoteworkq Participant Report,,0,,Unknown,Unknown
https://www.shl.com/products/product-catalog/view/remoteworkq/,Remoteworkq,,0,,Unknown,Unknown
https://www.shl.com/products/product-catalog/view/restful-web-services-new/,Restful Web Services New,,0,,Unknown,Unknown
https://www.shl.com/products/product-catalog/view/retail-sales-and-service-simulation/,Retail Sales And Service Simulation,,0,,Unknown,Unknown
https://www.shl.com/products/product-catalog/view/reviewing-forms-us-r1/,Reviewing Forms Us R1,,0,,Unknown,Unknown
https://www.shl.com/products/product-catalog/view/ruby-new/,Ruby New,,0,,Unknown,Unknown
https://www.shl.com/products/product-catalog/view/ruby-on-rails-new/,Ruby On Rails New,,0,,Unknown,Unknown
https://www.shl.com/products/product-catalog/view/safety-and-dependability-focus-8-0/,Safety And Dependability Focus 8 0,,0,,Unknown,Unknown
https://www.shl.com/products/product-catalog/view/sales-and-service-phone-simulation/,Sales And Service Phone Simulation,,0,,Unknown,Unknown
https://www.shl.com/products/product-catalog/view/sales-and-service-phone-solution/,Sales And Service Phone Solution,,0,,Unknown,Unknown
https://www.shl.com/products/product-catalog/view/sales-interview-guide/,Sales Interview Guide,,0,,Unknown,Unknown
https://www.shl.com/products/product-catalog/view/sales-profiler-cards/,Sales Profiler Cards,,0,,Unknown,Unknown
https://www.shl.com/products/product-catalog/view/sales-transformation-report-2-0-sales-manager/,Sales Transformation Report 2 0 Sales Manager,,0,,Unknown,Unknown
https://www.shl.com/products/product-catalog/view/sales-transformation-report-individual-contributor/,Sales Transformation Report Individual Contributor,,0,,Unknown,Unknown
https://www.shl.com/products/product-catalog/view/sales-transformation-report-sales-manager/,Sales Transformation Report Sales Manager,,0,,Unknown,Unknown
https://www.shl.com/products/product-catalog/view/salesforce-development-new/,Salesforce Development New,,0,,Unknown,Unknown
https://www.shl.com/products/product-catalog/view/salestransformationreport2-0-individualcontributor/,Salestransformationreport2 0 Individualcontributor,,0,,Unknown,Unknown
https://www.shl.com/products/product-catalog/view/sap-abap-advanced-level-new/,Sap Abap Advanced Level New,,0,,Unknown,Unknown
https://www.shl.com/products/product-catalog/view/sap-abap-intermediate-level-new/,Sap Abap Intermediate Level New,,0,,Unknown,Unknown
https://www.shl.com/products/product-catalog/view/sap-basis-new/,Sap Basis New,,0,,Unknown,Unknown
https://www.shl.com/products/product-catalog/view/sap-business-objects-webi-new/,Sap Business Objects Webi New,,0,,Unknown,Unknown
https://www.shl.com/products/product-catalog/view/sap-bw-business-warehouse-new/,Sap Bw Business Warehouse New,,0,,Unknown,Unknown
https://www.shl.com/products/product-catalog/view/sap-hcm-human-capital-management-new/,Sap Hcm Human Capital Management New,,0,,Unknown,Unknown
https://www.shl.com/products/product-catalog/view/sap-hybris-new/,Sap Hybris New,,0,,Unknown,Unknown
https://www.shl.com/products/product-catalog/view/sap-materials-management-new/,Sap Materials Management New,,0,,Unknown,Unknown
https://www.shl.com/products/product-catalog/view/sap-sd-sales-and-distribution-new/,Sap Sd Sales And Distribution New,,0,,Unknown,Unknown
https://www.shl.com/products/product-catalog/view/search-engine-optimization-new/,Search Engine Optimization New,,0,,Unknown,Unknown
https://www.shl.com/products/product-catalog/view/selenium-new/,Selenium New,,0,,Unknown,Unknown
https://www.shl.com/products/product-catalog/view/shell-scripting-new/,Shell Scripting New,,0,,Unknown,Unknown
https://www.shl.com/products/product-catalog/view/shl-verify-interactive-deductive-reasoning/,Shl Verify Interactive Deductive Reasoning,,0,,Unknown,Unknown
https://www.shl.com/products/product-catalog/view/shl-verify-interactive-g/,Shl Verify Interactive G,,0,,Unknown,Unknown
https://www.shl.com/products/product-catalog/view/shl-verify-interactive-inductive-reasoning/,Shl Verify Interactive Inductive Reasoning,,0,,Unknown,Unknown
https://www.shl.com/products/product-catalog/view/shl-verify-interactive-numerical-calculation/,Shl Verify Interactive Numerical Calculation,,0,,Unknown,Unknown
https://www.shl.com/products/product-catalog/view/shl-verify-interactive-numerical-reasoning/,Shl Verify Interactive Numerical Reasoning,,0,,Unknown,Unknown
https://www.shl.com/products/product-catalog/view/siebel-development-new/,Siebel Development New,,0,,Unknown,Unknown
https://www.shl.com/products/product-catalog/view/smart-interview-live-coding/,Smart Interview Live Coding,,0,,Unknown,Unknown
https://www.shl.com/products/product-catalog/view/smart-interview-live/,Smart Interview Live,,0,,Unknown,Unknown
https://www.shl.com/products/product-catalog/view/smart-interview-on-demand/,Smart Interview On Demand,,0,,Unknown,Unknown
https://www.shl.com/products/product-catalog/view/social-media-new/,Social Media New,,0,,Unknown,Unknown
https://www.shl.com/products/product-catalog/view/software-business-analysis/,Software Business Analysis,,0,,Unknown,Unknown
https://www.shl.com/products/product-catalog/view/sonarqube-new/,Sonarqube New,,0,,Unknown,Unknown
https://www.shl.com/products/product-catalog/view/spelling-u-s-new/,Spelling U S New,,0,,Unknown,Unknown
https://www.shl.com/products/product-catalog/view/split-screen-typing-test-form-1/,Split Screen Typing Test Form 1,,0,,Unknown,Unknown
https://www.shl.com/products/product-catalog/view/spring-new/,Spring New,,0,,Unknown,Unknown
https://www.shl.com/products/product-catalog/view/sql-new/,Sql New,,0,,Unknown,Unknown
https://www.shl.com/products/product-catalog/view/sql-server-analysis-services-%28ssas%29-%28new%29/,Sql Server Analysis Services %28ssas%29 %28new%29,,0,,Unknown,Unknown
https://www.shl.com/products/product-catalog/view/sql-server-integration-services-ssis-new/,Sql Server Integration Services Ssis New,,0,,Unknown,Unknown
https://www.shl.com/products/product-catalog/view/sql-server-new/,Sql Server New,,0,,Unknown,Unknown
https://www.shl.com/products/product-catalog/view/sql-server-reporting-services-ssrs-new/,Sql Server Reporting Services Ssrs New,,0,,Unknown,Unknown
https://www.shl.com/products/product-catalog/view/statistical-analysis-system-new/,Statistical Analysis System New,,0,,Unknown,Unknown
https://www.shl.com/products/product-catalog/view/struts-new/,Struts New,,0,,Unknown,Unknown
https://www.shl.com/products/product-catalog/view/svar-spoken-english-aus/,Svar Spoken English Aus,,0,,Unknown,Unknown
https://www.shl.com/products/product-catalog/view/svar-spoken-english-indian-accent-new/,Svar Spoken English Indian Accent New,,0,,Unknown,Unknown
https://www.shl.com/products/product-catalog/view/svar-spoken-english-u-k/,Svar Spoken English U K,,0,,Unknown,Unknown
https://www.shl.com/products/product-catalog/view/svar-spoken-english-us-new/,Svar Spoken English Us New,,0,,Unknown,Unknown
https://www.shl.com/products/product-catalog/view/svar-spoken-french-canadian-new/,Svar Spoken French Canadian New,,0,,Unknown,Unknown
https://www.shl.com/products/product-catalog/view/svar-spoken-french-european-new/,Svar Spoken French European New,,0,,Unknown,Unknown
https://www.shl.com/products/product-catalog/view/svar-spoken-spanish-castilian-new/,Svar Spoken Spanish Castilian New,,0,,Unknown,Unknown
https://www.shl.com/products/product-catalog/view/svar-spoken-spanish-north-american-new/,Svar Spoken Spanish North American New,,0,,Unknown,Unknown
https://www.shl.com/products/product-catalog/view/swing-new/,Swing New,,0,,Unknown,Unknown
https://www.shl.com/products/product-catalog/view/tableau-new/,Tableau New,,0,,Unknown,Unknown
https://www.shl.com/products/product-catalog/view/telecommunications-engineering-new/,Telecommunications Engineering New,,0,,Unknown,Unknown
https://www.shl.com/products/product-catalog/view/teradata-development-new/,Teradata Development New,,0,,Unknown,Unknown
https://www.shl.com/products/product-catalog/view/time-management-u-s/,Time Management U S,,0,,Unknown,Unknown
https://www.shl.com/products/product-catalog/view/training-development/,Training Development,,0,,Unknown,Unknown
https://www.shl.com/products/product-catalog/view/typing-new/,Typing New,,0,,Unknown,Unknown
https://www.shl.com/products/product-catalog/view/uipath-rpa-development-new/,Uipath Rpa Development New,,0,,Unknown,Unknown
https://www.shl.com/products/product-catalog/view/universal-competency-framework-interview-guide/,Universal Competency Framework Interview Guide,,0,,Unknown,Unknown
https://www.shl.com/products/product-catalog/view/universal-competency-framework-job-profiling-guide/,Universal Competency Framework Job Profiling Guide,,0,,Unknown,Unknown
https://www.shl.com/products/product-catalog/view/universal-competency-framework-profiler-cards-44/,Universal Competency Framework Profiler Cards 44,,0,,Unknown,Unknown
https://www.shl.com/products/product-catalog/view/unix-new/,Unix New,,0,,Unknown,Unknown
https://www.shl.com/products/product-catalog/view/vb-net-new/,Vb Net New,,0,,Unknown,Unknown
https://www.shl.com/products/product-catalog/view/verify-deductive-reasoning/,Verify Deductive Reasoning,,0,,Unknown,Unknown
https://www.shl.com/products/product-catalog/view/verify-following-instructions/,Verify Following Instructions,,0,,Unknown,Unknown
https://www.shl.com/products/product-catalog/view/vigilance-focus-8-0/,Vigilance Focus 8 0,,0,,Unknown,Unknown
